[{"_id":"9f39da36-82cc-4353-ab90-d616105fa7c1","firstname":"Emilie","lastname":"Woods","age":40,"email":"ih@ri.ro","interests":["Bowling","Cooking","Golf","Swimming"],"address_id":"b6c0b50a-d0e3-43bf-a2a4-8d4674c2a7e8","workplace_id":"a32bf18d-e0e5-48f2-a851-aa49c80f9460"},
{"_id":"077e6e5e-0d73-4b14-95a5-5d0d697a1ad8","firstname":"Max","lastname":"Craig","age":50,"email":"nazceg@esfazpup.mv","interests":["Cricket","Swimming"],"address_id":"7e02bce2-d77c-4fd0-9794-3a53e99c06f5","workplace_id":"b12cd444-e65b-4bc2-8cf6-2dbe854a627b"},
{"_id":"af27265e-6639-49f2-991e-193275a4111a","firstname":"Thomas","lastname":"Patterson","age":18,"email":"sug@gon.bf","interests":["Cooking","Cricket","Tennis","Swimming","Fishing"],"address_id":"64fd714d-e219-4e45-888b-cc2238a8bd0b","workplace_id":"5345fcb9-6297-4b9f-aa15-cbee8460f28f"},
{"_id":"f44811ee-0187-427f-b597-d44cc454c91f","firstname":"Isabella","lastname":"Cunningham","age":47,"email":"zunoj@itwi.ar","interests":["Rubgy","Tennis","Dancing"],"address_id":"4cf71d6d-4a7e-4731-a868-6ad03faf1f22","workplace_id":"b12cd444-e65b-4bc2-8cf6-2dbe854a627b"},
{"_id":"c98c2311-6027-423d-9374-d1e2c2479828","firstname":"Carl","lastname":"Lambert","age":30,"email":"ozsam@razir.md","interests":["Rubgy","Dancing"],"address_id":"f72ee55d-8567-4fd7-a735-001e4ec00051","workplace_id":"b2903a4b-5688-4597-90ed-0f06d944bb6d"},
{"_id":"040a2484-fcd6-487c-8435-c79efb927144","firstname":"Calvin","lastname":"Cain","age":63,"email":"ranim@bilob.qa","interests":["Hiking"],"address_id":"6aec65d9-6981-4daf-adcd-612ee4dfc09d","workplace_id":"5345fcb9-6297-4b9f-aa15-cbee8460f28f"},
{"_id":"ad4fd8bd-b732-4388-8469-5395b497df63","firstname":"Marc","lastname":"Castro","age":42,"email":"tasnimnag@tefifdum.bo","interests":["Golf","Cricket","Rubgy","Hiking","Fishing","Dancing"],"address_id":"91b32548-65b6-4fd9-91a1-2d86b04b8eea","workplace_id":"a222385c-342c-43ea-adbc-9b487a2ee2be"},
{"_id":"c5e138aa-ead1-46da-8132-3c22e4c279bc","firstname":"Dylan","lastname":"Howell","age":48,"email":"zo@bu.va","interests":["Tennis","Fishing","Hiking"],"address_id":"f1cd1900-78b7-47f2-92b8-7474adf3bdc6","workplace_id":"b2a2844d-aeab-4602-b74c-01bf3b8e9c78"},
{"_id":"aee546fe-df85-47a9-b34b-20913d749c61","firstname":"Marian","lastname":"Blair","age":32,"email":"dalel@calbamtik.fo","interests":["Hiking","Cricket"],"address_id":"dca65c7e-ccf9-4f73-b781-35ba6048dae0","workplace_id":"cb795afb-8dc3-482f-b3a0-14229a280afa"},
{"_id":"24926164-040f-4964-927d-659429916e11","firstname":"Allie","lastname":"Smith","age":79,"email":"ladeje@ca.tz","interests":["Hiking","Rubgy","Tennis","Cycling"],"address_id":"3c2f4bbe-fed9-49d0-98dc-e7aae6b74e10","workplace_id":"5345fcb9-6297-4b9f-aa15-cbee8460f28f"},
{"_id":"6222b4f5-6fd3-4c72-b058-710fb568b869","firstname":"Lucinda","lastname":"Gomez","age":46,"email":"ruupeke@oh.om","interests":["Golf","Rubgy","Tennis"],"address_id":"59516270-19f4-47e8-95ae-3e83fa5f230c","workplace_id":"a222385c-342c-43ea-adbc-9b487a2ee2be"},
{"_id":"ca189ae9-d04b-4ae0-9b4a-b725196c31d2","firstname":"Emilie","lastname":"Robertson","age":37,"email":"vom@calfim.se","interests":["Hiking"],"address_id":"16ff1778-b687-42ef-aace-36cedc05f521","workplace_id":"a222385c-342c-43ea-adbc-9b487a2ee2be"},
{"_id":"00289d48-bad8-4b73-a359-a1a1f05c96e2","firstname":"Sophia","lastname":"Flores","age":22,"email":"ra@dupnejuk.nr","interests":["Hiking","Soccer","Bowling","Rubgy","Cooking","Dancing"],"address_id":"8a430805-00b8-40a6-bd93-c950b544a83b","workplace_id":"b12cd444-e65b-4bc2-8cf6-2dbe854a627b"},
{"_id":"3aa8eaf9-860d-49c5-a55a-e4b98a214915","firstname":"Lucinda","lastname":"Moody","age":80,"email":"roziska@mo.je","interests":["Golf","Fishing","Tennis"],"address_id":"d5fc55de-9f7a-4129-9b70-9b24ff53db64","workplace_id":"cb795afb-8dc3-482f-b3a0-14229a280afa"},
{"_id":"8243f5a6-3f69-42f3-af11-5486cc2273d4","firstname":"Clyde","lastname":"Andrews","age":54,"email":"dalunno@sekpenuj.mp","interests":["Bowling","Golf","Dancing","Cooking"],"address_id":"6d63775d-64eb-4d14-b040-0d750e60f25e","workplace_id":"cb795afb-8dc3-482f-b3a0-14229a280afa"},
{"_id":"ed499274-f17f-4a4c-8327-7e740e6dd9c1","firstname":"Josephine","lastname":"Mills","age":36,"email":"newi@to.in","interests":["Tennis","Bowling","Cricket"],"address_id":"01185f9b-b00f-4f2d-9878-0c989fe00fbc","workplace_id":"a222385c-342c-43ea-adbc-9b487a2ee2be"},
{"_id":"8cff6029-3caf-4703-af3a-b51ed5126d92","firstname":"Hilda","lastname":"Moss","age":47,"email":"kauwa@bec.bm","interests":["Hiking","Soccer","Cricket","Swimming","Golf","Cycling"],"address_id":"4bb41877-c11c-46d7-8b11-ecc2e9ed6046","workplace_id":"2b87eb84-e5b4-4f2c-9e13-dc3ba20a7f7f"},
{"_id":"05ee4698-5998-428b-8d96-c0ac7a248ff3","firstname":"Jimmy","lastname":"Butler","age":57,"email":"lijwar@mufiid.tr","interests":["Dancing","Cycling","Cricket","Swimming","Bowling"],"address_id":"ebd7ebbc-c3c9-482c-9402-8df25289de6c","workplace_id":"5345fcb9-6297-4b9f-aa15-cbee8460f28f"},
{"_id":"f145e4d7-e609-4eba-8371-90c0afcb2f57","firstname":"Randy","lastname":"White","age":68,"email":"jeewiwe@ti.sx","interests":["Dancing","Hiking","Golf","Cricket"],"address_id":"27892077-8dea-4cd9-9784-45c6b6f874fb","workplace_id":"023acbac-b32a-477f-a65a-db11bd7d40f3"},
{"_id":"ad2981c9-e2c7-4882-b19d-3e5d6311644f","firstname":"Victor","lastname":"Reed","age":71,"email":"fapro@cucole.sx","interests":["Rubgy","Hiking"],"address_id":"91b5b7b3-2309-4e8a-8247-cd66d626ef0c","workplace_id":"b2903a4b-5688-4597-90ed-0f06d944bb6d"},
{"_id":"fcb42f1d-75ce-4e93-9407-48d7ccc83a3e","firstname":"Sally","lastname":"Jennings","age":51,"email":"redbad@kuju.gh","interests":["Swimming","Fishing","Cooking","Bowling","Dancing","Cycling"],"address_id":"e973b879-b62b-40f0-a2b0-7f3da7140b3d","workplace_id":"023acbac-b32a-477f-a65a-db11bd7d40f3"},
{"_id":"24c45b35-fc61-44b6-a896-4b78d6d58a55","firstname":"Eugene","lastname":"Dunn","age":56,"email":"semohte@rosus.tk","interests":["Soccer","Fishing","Cycling","Cooking","Bowling"],"address_id":"904568c4-3eb2-488d-90a1-37c40d2d182a","workplace_id":"023acbac-b32a-477f-a65a-db11bd7d40f3"},
{"_id":"5355b82e-2bc0-4ca8-aa8a-957893c6c4c1","firstname":"Helen","lastname":"Roy","age":25,"email":"kokid@tos.bb","interests":["Swimming","Bowling","Hiking"],"address_id":"5da637a5-28d3-453c-a834-da566f6bbd5e","workplace_id":"2b87eb84-e5b4-4f2c-9e13-dc3ba20a7f7f"},
{"_id":"0194bd7a-2b2c-4d7e-8c4a-0b3a97a7bbf0","firstname":"Ernest","lastname":"Thornton","age":79,"email":"awe@ub.ke","interests":["Rubgy","Cooking","Dancing","Soccer"],"address_id":"99d81ee6-e988-445d-9586-578ecab8c6ad","workplace_id":"50275ad1-8140-4e79-8818-21793e3eb0a3"},
{"_id":"486c66b3-1772-4888-b657-b30d7a615b76","firstname":"Mattie","lastname":"Newton","age":48,"email":"pu@lanuwe.gl","interests":["Fishing","Cycling","Cricket","Golf"],"address_id":"fd1c97dd-bb59-4696-a4a3-d18674015b0e","workplace_id":"cb795afb-8dc3-482f-b3a0-14229a280afa"},
{"_id":"e905db7e-42e8-435c-b9bd-ff672557bb3d","firstname":"Roxie","lastname":"Higgins","age":29,"email":"mozhojef@bineeke.nf","interests":["Cycling","Rubgy"],"address_id":"005c1fa7-26a9-49fc-bbca-c124cc642f12","workplace_id":"b2903a4b-5688-4597-90ed-0f06d944bb6d"},
{"_id":"6a3bd505-56e6-46ec-bef1-2eef1fd3643c","firstname":"Vernon","lastname":"Edwards","age":24,"email":"disbuivi@efu.id","interests":["Soccer"],"address_id":"a8f07070-cfb0-483e-a07a-b2adf9e3d4b0","workplace_id":"a222385c-342c-43ea-adbc-9b487a2ee2be"},
{"_id":"e0806707-f5ae-46dc-8303-a82a9cd2c4a9","firstname":"Hallie","lastname":"Conner","age":20,"email":"jopo@fekno.bb","interests":["Bowling","Rubgy","Soccer","Cycling","Tennis","Swimming"],"address_id":"815d8854-009c-4a98-8646-1892b3693b44","workplace_id":"b2a2844d-aeab-4602-b74c-01bf3b8e9c78"},
{"_id":"32d0bef5-788d-4167-a786-471324e0d49c","firstname":"Christina","lastname":"Carlson","age":54,"email":"rasgo@saju.fr","interests":["Cricket","Fishing","Golf","Soccer","Rubgy","Cycling"],"address_id":"78ae718b-da8a-433d-92c0-e0fe7797cd6c","workplace_id":"cb795afb-8dc3-482f-b3a0-14229a280afa"},
{"_id":"4ec72815-86f9-42b7-a2cb-61459c12a352","firstname":"Loretta","lastname":"Lopez","age":54,"email":"otmop@jiatimof.gq","interests":["Bowling","Tennis","Cooking","Hiking"],"address_id":"bd6d067b-d5aa-41fa-a889-bd8fba00ae5e","workplace_id":"cb795afb-8dc3-482f-b3a0-14229a280afa"},
{"_id":"5b8bb404-5741-46a9-84f2-81248ffd2840","firstname":"Glen","lastname":"Turner","age":43,"email":"kazvasi@nojrek.aq","interests":["Golf","Hiking"],"address_id":"fc2b6b58-8392-4f3d-b1c8-07f4df87dc24","workplace_id":"a222385c-342c-43ea-adbc-9b487a2ee2be"},
{"_id":"22b7b339-164b-44cc-ac5d-005eb4cacd81","firstname":"Maud","lastname":"Collins","age":22,"email":"nu@mek.ua","interests":["Tennis","Swimming","Fishing"],"address_id":"83b83cc3-1c4b-4cef-ac84-f128437d52d8","workplace_id":"b2a2844d-aeab-4602-b74c-01bf3b8e9c78"},
{"_id":"6ba7742c-5e2d-4eb1-ad02-0512fca0985c","firstname":"Rena","lastname":"Howell","age":29,"email":"naruwuda@zep.mv","interests":["Cycling","Hiking"],"address_id":"73897cd5-0a0a-42ea-99d5-c406ff4792a8","workplace_id":"50275ad1-8140-4e79-8818-21793e3eb0a3"},
{"_id":"9e1f6768-f89a-4587-9be3-b53758a5c2af","firstname":"Brett","lastname":"Curtis","age":56,"email":"iggof@pum.io","interests":["Tennis"],"address_id":"d314b45e-8bdd-480b-a3cd-032183128f50","workplace_id":"b12cd444-e65b-4bc2-8cf6-2dbe854a627b"},
{"_id":"153ba346-b33d-4611-802c-fd95c7cb078c","firstname":"Adelaide","lastname":"Curry","age":71,"email":"ov@sutec.mr","interests":["Tennis"],"address_id":"8264af1e-1c55-4ed8-96f9-e3b9e1eff7d5","workplace_id":"a32bf18d-e0e5-48f2-a851-aa49c80f9460"},
{"_id":"2acaa277-8551-41e0-b90e-5b4d199aca3f","firstname":"Henry","lastname":"Mendez","age":59,"email":"lekfahjel@azla.jm","interests":["Hiking","Golf","Tennis","Swimming","Fishing","Cooking"],"address_id":"85e6d1cc-4bc8-4e95-95b8-f125e7a71eb9","workplace_id":"023acbac-b32a-477f-a65a-db11bd7d40f3"},
{"_id":"c7cf8650-f391-4f2b-bbb5-60225729e998","firstname":"Jeremiah","lastname":"Payne","age":49,"email":"himosewej@repan.bw","interests":["Cricket","Fishing"],"address_id":"44cc24b9-1d60-45cf-be0d-a225f35d52ab","workplace_id":"a222385c-342c-43ea-adbc-9b487a2ee2be"},
{"_id":"893a586f-5558-4ebb-8365-a62bd0e1abf2","firstname":"Douglas","lastname":"Walton","age":45,"email":"deg@gid.pa","interests":["Tennis"],"address_id":"2d6aa779-1b93-48e5-afaa-44b950584f4e","workplace_id":"a32bf18d-e0e5-48f2-a851-aa49c80f9460"},
{"_id":"4f4b73bd-6411-4053-b198-2dde538cb45e","firstname":"Sarah","lastname":"Graves","age":69,"email":"wene@goveomu.ag","interests":["Dancing","Rubgy"],"address_id":"533618d2-0031-4b0a-b242-c79909a57ca7","workplace_id":"b2a2844d-aeab-4602-b74c-01bf3b8e9c78"},
{"_id":"da76e52b-b3db-4fc0-b0d6-435d1aed0cd9","firstname":"Ollie","lastname":"Barnett","age":25,"email":"ro@nemaw.et","interests":["Cooking","Bowling","Dancing"],"address_id":"5d3eacc4-d1d8-459b-973c-3bc71feacf50","workplace_id":"cb795afb-8dc3-482f-b3a0-14229a280afa"},
{"_id":"a666aee2-d93a-433a-9a9b-f470078292a4","firstname":"Herman","lastname":"Davis","age":37,"email":"asjes@wejumu.il","interests":["Dancing","Golf"],"address_id":"927a6f56-da9f-40f5-9603-708f1119a622","workplace_id":"b2a2844d-aeab-4602-b74c-01bf3b8e9c78"},
{"_id":"7e17b8ca-e6f9-47da-a3e7-a87fbee165a9","firstname":"Cora","lastname":"Garcia","age":56,"email":"jackas@pifpadava.kn","interests":["Soccer"],"address_id":"de0380cf-72f2-41d9-a87b-474851335f3b","workplace_id":"b12cd444-e65b-4bc2-8cf6-2dbe854a627b"},
{"_id":"d97bede6-df9c-44ec-899e-1a55e376cce3","firstname":"Luke","lastname":"Vargas","age":53,"email":"aleradis@umas.as","interests":["Soccer","Dancing","Cycling"],"address_id":"f841de3b-7554-4148-9b00-de82c2e79f25","workplace_id":"2b87eb84-e5b4-4f2c-9e13-dc3ba20a7f7f"},
{"_id":"80177fa8-ff49-43cf-8cd2-8f5330d061c7","firstname":"Lulu","lastname":"Kelley","age":57,"email":"hufe@nenok.gr","interests":["Cricket"],"address_id":"148ebea6-5f07-42bb-8853-5ee94087d468","workplace_id":"2b87eb84-e5b4-4f2c-9e13-dc3ba20a7f7f"},
{"_id":"34521596-d3e4-4b36-a60c-cab5ad425f45","firstname":"Eugene","lastname":"Mack","age":60,"email":"finho@zeuj.dm","interests":["Swimming","Bowling","Golf","Cricket"],"address_id":"7e73276a-27c8-4602-bc34-a1f44858ecb9","workplace_id":"a32bf18d-e0e5-48f2-a851-aa49c80f9460"},
{"_id":"967cf353-4e64-479c-9865-0a73e5011b07","firstname":"Antonio","lastname":"Garrett","age":24,"email":"amitewozi@wuk.li","interests":["Rubgy","Dancing","Tennis"],"address_id":"7cbdab02-b30f-4925-be6b-5d0963a55db5","workplace_id":"2b87eb84-e5b4-4f2c-9e13-dc3ba20a7f7f"},
{"_id":"7fb35214-dce5-4cd8-97cc-416762a0647b","firstname":"Max","lastname":"Green","age":52,"email":"epu@om.ws","interests":["Dancing","Hiking","Fishing","Cricket","Rubgy"],"address_id":"8edd063f-c4aa-44b5-9174-34fac4a124a1","workplace_id":"b2a2844d-aeab-4602-b74c-01bf3b8e9c78"},
{"_id":"593bd2f2-ffad-4bbb-80f2-3ab204009bc4","firstname":"Nathaniel","lastname":"Salazar","age":30,"email":"mipkomsu@og.pk","interests":["Cricket"],"address_id":"fb0ec744-5cde-4808-90df-499e65449f15","workplace_id":"5345fcb9-6297-4b9f-aa15-cbee8460f28f"},
{"_id":"7d70194f-9282-4360-b490-ff70e0b03bbf","firstname":"Lucinda","lastname":"Beck","age":61,"email":"ce@ohi.ga","interests":["Hiking","Golf","Cooking","Fishing"],"address_id":"7a30d204-20e9-4e97-ae06-fe4245cee208","workplace_id":"5345fcb9-6297-4b9f-aa15-cbee8460f28f"},
{"_id":"8b8cbe9f-1ea6-4cd6-a3f7-53d6941d17cf","firstname":"Alberta","lastname":"Ryan","age":79,"email":"pepe@gid.cc","interests":["Soccer","Cricket","Rubgy","Dancing"],"address_id":"3f56fdb2-4953-44aa-b52f-ba8a06901699","workplace_id":"b2903a4b-5688-4597-90ed-0f06d944bb6d"},
{"_id":"6c18427f-6968-42d5-95d7-a452742e5504","firstname":"Gertrude","lastname":"Poole","age":26,"email":"jepdanzol@karcig.sg","interests":["Golf"],"address_id":"85a12477-9995-48b7-8b0f-e318634dc2db","workplace_id":"023acbac-b32a-477f-a65a-db11bd7d40f3"},
{"_id":"430b202c-d28e-42db-996b-52771941fe9f","firstname":"Jim","lastname":"Walker","age":56,"email":"udosa@duges.ck","interests":["Cycling","Fishing"],"address_id":"4d9c56b0-a903-4c18-9865-701f0e739180","workplace_id":"50275ad1-8140-4e79-8818-21793e3eb0a3"},
{"_id":"9bf39e93-c61b-4eb1-888a-6a8065061ef4","firstname":"Cory","lastname":"Wheeler","age":22,"email":"lesuje@sicivij.vu","interests":["Rubgy","Bowling","Tennis","Hiking"],"address_id":"32464d92-5744-4625-85de-1af31c279a52","workplace_id":"a32bf18d-e0e5-48f2-a851-aa49c80f9460"},
{"_id":"9ebcf9fc-e193-4ab7-9c38-10c2d6bf6036","firstname":"Alan","lastname":"Berry","age":76,"email":"zut@zoksa.kw","interests":["Bowling","Cooking","Rubgy","Fishing","Golf","Cricket"],"address_id":"d34f9d8c-c1a0-4653-8a44-d2fe65714956","workplace_id":"a222385c-342c-43ea-adbc-9b487a2ee2be"},
{"_id":"27421101-df57-4d4d-95ef-e05e0b0bdd20","firstname":"Sam","lastname":"Fox","age":27,"email":"ihti@pu.net","interests":["Dancing","Golf"],"address_id":"f64c4d66-e650-4afd-bd88-f808ad0b5306","workplace_id":"b2a2844d-aeab-4602-b74c-01bf3b8e9c78"},
{"_id":"51643cd6-49bb-45d5-bd6e-717c62bb2869","firstname":"James","lastname":"Wilkins","age":27,"email":"hutfardu@vicbiri.gb","interests":["Rubgy","Tennis","Cricket","Cooking"],"address_id":"3f10d9f7-57ef-40e1-a97d-d2ee53aa2c6e","workplace_id":"cb795afb-8dc3-482f-b3a0-14229a280afa"},
{"_id":"0ab5829f-a112-4838-81c1-54a68d67042c","firstname":"Lura","lastname":"Harrison","age":52,"email":"cudken@gej.fm","interests":["Rubgy","Cycling"],"address_id":"060e6313-a648-4cde-a8b4-7c77aaea2e0d","workplace_id":"b2903a4b-5688-4597-90ed-0f06d944bb6d"},
{"_id":"80a28d3c-bc6d-495d-918a-5a236f160520","firstname":"Emily","lastname":"Vasquez","age":54,"email":"jona@backe.gp","interests":["Hiking","Cricket","Tennis","Soccer"],"address_id":"fdcb19ad-5150-4120-a726-4fbbc83b7622","workplace_id":"b2903a4b-5688-4597-90ed-0f06d944bb6d"},
{"_id":"f8720a63-c0d3-4cf4-827f-9be4cf5e0a32","firstname":"Ronald","lastname":"Green","age":31,"email":"jufupvib@ewi.kz","interests":["Hiking","Soccer","Golf","Bowling","Rubgy","Cricket"],"address_id":"08556871-73f7-41c7-87c1-da69cd3f769f","workplace_id":"5345fcb9-6297-4b9f-aa15-cbee8460f28f"},
{"_id":"fd677b4b-6eef-4777-bc3a-25d9a86134fa","firstname":"Mattie","lastname":"Fisher","age":37,"email":"pelohno@hotivgu.hn","interests":["Cycling","Fishing","Soccer","Rubgy","Hiking"],"address_id":"98fa15f0-5b73-4fb9-a5a4-1332e0f5b58b","workplace_id":"a222385c-342c-43ea-adbc-9b487a2ee2be"},
{"_id":"4f939cff-b518-4436-adb9-c112afe977fe","firstname":"Lois","lastname":"Ward","age":50,"email":"uboguta@desmacos.pg","interests":["Cricket","Soccer","Swimming"],"address_id":"fd9ba88a-98cf-4603-8774-f25dec584bf2","workplace_id":"023acbac-b32a-477f-a65a-db11bd7d40f3"},
{"_id":"f073a705-6546-4375-adb5-b224871776ef","firstname":"Aaron","lastname":"Carr","age":25,"email":"fekegim@lucul.tp","interests":["Cooking"],"address_id":"f4e59d7e-ea40-442d-87be-106e3c46a554","workplace_id":"b2a2844d-aeab-4602-b74c-01bf3b8e9c78"},
{"_id":"457ef68c-9651-4925-bca0-15e246661d19","firstname":"Alta","lastname":"Sharp","age":34,"email":"jus@goal.bn","interests":["Cricket","Cycling","Rubgy","Golf","Cooking","Dancing"],"address_id":"5e97658e-5809-41b8-a088-eddbd81f86a7","workplace_id":"b2a2844d-aeab-4602-b74c-01bf3b8e9c78"},
{"_id":"a103c61d-bbe2-4349-9b32-35adb0c89e2a","firstname":"Lawrence","lastname":"Rhodes","age":58,"email":"hanonen@sa.pt","interests":["Golf","Dancing","Rubgy","Tennis"],"address_id":"2059a97b-e168-4268-9086-33c1afbd3bc9","workplace_id":"023acbac-b32a-477f-a65a-db11bd7d40f3"},
{"_id":"840184a3-4c4d-4b15-8813-30fca6e7827b","firstname":"Delia","lastname":"Douglas","age":36,"email":"me@wak.ne","interests":["Cricket","Cooking","Hiking","Dancing","Tennis"],"address_id":"456e18ae-c2f8-443e-899d-f2b893499695","workplace_id":"b2a2844d-aeab-4602-b74c-01bf3b8e9c78"},
{"_id":"e69681ea-d420-4b7a-853a-e271db7ebeb1","firstname":"Hettie","lastname":"Lowe","age":22,"email":"ru@vuhekcoz.net","interests":["Hiking","Golf","Bowling","Cricket","Tennis","Dancing"],"address_id":"77406840-c1df-4bc7-912b-8df902ce4aa4","workplace_id":"023acbac-b32a-477f-a65a-db11bd7d40f3"},
{"_id":"8e082f05-13b7-485d-89c4-259f1103f95c","firstname":"Lester","lastname":"Summers","age":48,"email":"wi@uvafej.pt","interests":["Bowling","Tennis"],"address_id":"62996de2-fcda-4894-95d5-fef0d11d92f4","workplace_id":"a32bf18d-e0e5-48f2-a851-aa49c80f9460"},
{"_id":"a85cdc3c-7279-4461-9556-49373143f41e","firstname":"Alma","lastname":"Jennings","age":77,"email":"ohuzup@oc.vu","interests":["Cooking","Cycling","Hiking"],"address_id":"2c58890d-0d14-4648-a92f-20f26b02a79b","workplace_id":"b12cd444-e65b-4bc2-8cf6-2dbe854a627b"},
{"_id":"6157dc3b-ee2d-463a-b62b-1cd4eed7d575","firstname":"Dominic","lastname":"Wade","age":48,"email":"co@pog.nz","interests":["Cycling","Dancing","Cooking"],"address_id":"8d162eb9-eefc-4b7e-bcad-6fb7a02b15b0","workplace_id":"cb795afb-8dc3-482f-b3a0-14229a280afa"},
{"_id":"cc3e389d-be0d-467a-ba70-7c84f6504911","firstname":"Myrtle","lastname":"Little","age":36,"email":"saj@far.zm","interests":["Cooking","Cycling","Hiking","Rubgy","Bowling","Dancing"],"address_id":"0d3a90d5-11bd-4f96-91ba-7e7ef80888f0","workplace_id":"2b87eb84-e5b4-4f2c-9e13-dc3ba20a7f7f"},
{"_id":"cb369c19-4bbc-449f-bff6-b198439d0d7b","firstname":"Adele","lastname":"Benson","age":43,"email":"oka@lilozfaz.gn","interests":["Swimming","Hiking","Tennis"],"address_id":"d5b7473d-c82b-4956-bce3-80497ce6c015","workplace_id":"a222385c-342c-43ea-adbc-9b487a2ee2be"},
{"_id":"8c4b8dc8-2ecc-46e8-8653-d126f1810c33","firstname":"Cory","lastname":"Beck","age":27,"email":"rekasbe@vewusezi.an","interests":["Fishing","Cricket","Hiking"],"address_id":"592fa227-312d-4a80-8eb2-c4e26493da69","workplace_id":"a222385c-342c-43ea-adbc-9b487a2ee2be"},
{"_id":"d6df2109-cb95-4788-90bc-053be25ac28e","firstname":"Ricardo","lastname":"Mack","age":70,"email":"helpus@takfa.lr","interests":["Rubgy"],"address_id":"a36736a4-a23a-48e0-ab5b-00084bb2ca5b","workplace_id":"50275ad1-8140-4e79-8818-21793e3eb0a3"},
{"_id":"601d2c9b-dc5a-43f3-b613-81025d798505","firstname":"Hunter","lastname":"Martin","age":19,"email":"wimmoatu@hovcig.ba","interests":["Cycling"],"address_id":"066435f1-df1d-44f4-a3a3-80055ffd0f8c","workplace_id":"2b87eb84-e5b4-4f2c-9e13-dc3ba20a7f7f"},
{"_id":"ecf9946b-96f7-4bd6-9711-0a473b3eea5d","firstname":"Tony","lastname":"Marshall","age":23,"email":"uhafinheb@batamoel.al","interests":["Rubgy","Soccer","Dancing"],"address_id":"ebebcbd0-711a-458c-8fb5-58a54856dfc0","workplace_id":"cb795afb-8dc3-482f-b3a0-14229a280afa"},
{"_id":"08537ab9-b6c1-4dd3-8dc5-eacebcc98460","firstname":"Grace","lastname":"Lee","age":53,"email":"iheohujec@ko.pt","interests":["Dancing","Bowling","Soccer"],"address_id":"f6f8d2a8-c519-4b20-bf93-970e715ad079","workplace_id":"b2a2844d-aeab-4602-b74c-01bf3b8e9c78"},
{"_id":"9fd3a190-1991-4ce1-924b-de4701020022","firstname":"Jacob","lastname":"Austin","age":50,"email":"imnampe@ca.pt","interests":["Dancing"],"address_id":"2d6b7fb9-fe27-4573-8ef6-56ba4b79e038","workplace_id":"a222385c-342c-43ea-adbc-9b487a2ee2be"},
{"_id":"9df22e16-a045-400d-bdb0-8aa9294d4b06","firstname":"Sophia","lastname":"Bishop","age":55,"email":"suwco@tamoafu.sy","interests":["Fishing"],"address_id":"c7816d11-69ba-4c8d-b7b8-b71b5ea213b9","workplace_id":"5345fcb9-6297-4b9f-aa15-cbee8460f28f"},
{"_id":"c6d0eebd-ddf2-41ed-a20f-76274c5c8343","firstname":"Tony","lastname":"Paul","age":72,"email":"zolo@dacelva.dz","interests":["Cooking","Rubgy"],"address_id":"68d28d57-8cac-4388-8485-976518a6d817","workplace_id":"a222385c-342c-43ea-adbc-9b487a2ee2be"},
{"_id":"c2bf0e3f-e3de-41de-b745-c5b70571dd3a","firstname":"Jordan","lastname":"Roberson","age":29,"email":"co@mahdo.ca","interests":["Swimming","Cooking"],"address_id":"7edd78a4-c4e6-484a-bf2f-ecad5c4c506b","workplace_id":"cb795afb-8dc3-482f-b3a0-14229a280afa"},
{"_id":"c0ace13f-a683-465f-8839-6eef4b76ad80","firstname":"Peter","lastname":"Banks","age":79,"email":"ag@jimeti.vi","interests":["Tennis","Hiking","Cycling","Cricket","Dancing"],"address_id":"49b64d91-a2f0-48f8-96a4-5bd955e45920","workplace_id":"2b87eb84-e5b4-4f2c-9e13-dc3ba20a7f7f"},
{"_id":"25264147-ba59-4d78-ac7a-d1820b0dff0e","firstname":"James","lastname":"Becker","age":48,"email":"bozzona@vugrewa.ke","interests":["Hiking","Cricket","Rubgy"],"address_id":"79ad04ba-0967-4a65-986f-cc57ef6c3afd","workplace_id":"a32bf18d-e0e5-48f2-a851-aa49c80f9460"},
{"_id":"4bc070ca-f849-4eeb-8ab2-98fe3c0861c0","firstname":"Francis","lastname":"Harris","age":38,"email":"pa@sodej.ck","interests":["Dancing","Swimming","Cooking","Bowling","Cycling"],"address_id":"fc607f68-81c8-4ca8-8a9e-30239ccae40f","workplace_id":"2b87eb84-e5b4-4f2c-9e13-dc3ba20a7f7f"},
{"_id":"9db78fa8-834e-4b7e-a2d5-1f6fbb7e522b","firstname":"Kate","lastname":"Young","age":30,"email":"gissa@pogaba.lb","interests":["Fishing","Cricket","Golf"],"address_id":"2784aa19-314c-4f5c-9922-5feb83a33735","workplace_id":"cb795afb-8dc3-482f-b3a0-14229a280afa"},
{"_id":"66894dba-4ff0-4545-b7cc-eb6a5bd551c5","firstname":"Clara","lastname":"Butler","age":49,"email":"do@womjip.by","interests":["Soccer","Cooking","Cycling"],"address_id":"4dcebe6e-0787-4158-9744-3d721098cec4","workplace_id":"50275ad1-8140-4e79-8818-21793e3eb0a3"},
{"_id":"87e08b6a-2cd0-4b55-a9bc-41166c8ef1ca","firstname":"Bradley","lastname":"Simmons","age":71,"email":"be@zi.fk","interests":["Cooking","Cricket","Bowling","Swimming","Soccer"],"address_id":"20069928-f7e3-4c7b-b639-b60acf5e3030","workplace_id":"cb795afb-8dc3-482f-b3a0-14229a280afa"},
{"_id":"e9e7ee3e-90da-4474-b6a7-f256e4915245","firstname":"Jorge","lastname":"Day","age":57,"email":"ar@gab.gov","interests":["Cooking"],"address_id":"5bbc3eb4-01cf-43c2-85bd-346f786adfee","workplace_id":"a222385c-342c-43ea-adbc-9b487a2ee2be"},
{"_id":"dcc99af3-0132-4cad-a749-490815384b70","firstname":"Cole","lastname":"Stephens","age":66,"email":"wodalub@felonmun.cc","interests":["Rubgy","Cricket","Hiking","Cycling","Dancing"],"address_id":"2d066fc4-8bd8-46cf-a971-68d561090db4","workplace_id":"2b87eb84-e5b4-4f2c-9e13-dc3ba20a7f7f"},
{"_id":"7fc6de94-bd9c-4671-ab17-e52ddd84965d","firstname":"Manuel","lastname":"Ross","age":38,"email":"ata@pi.tp","interests":["Golf","Tennis","Soccer"],"address_id":"5f686f60-b7f4-48a4-8b40-d084580b57ad","workplace_id":"b12cd444-e65b-4bc2-8cf6-2dbe854a627b"},
{"_id":"3cb261a2-c2e2-4492-ba2f-57e5167805dc","firstname":"Nina","lastname":"Greene","age":19,"email":"zaof@zi.fi","interests":["Golf"],"address_id":"4138f314-d9a4-4cea-9c37-a79e1eb8a4dc","workplace_id":"cb795afb-8dc3-482f-b3a0-14229a280afa"},
{"_id":"dfce1d98-15f6-4b75-86f6-cd5d05cfdc04","firstname":"Sadie","lastname":"Park","age":80,"email":"vukhik@wejoce.nf","interests":["Golf","Fishing","Bowling","Dancing","Cooking","Tennis"],"address_id":"2987cea4-b71d-4338-b0ef-a9b5feb3a138","workplace_id":"a32bf18d-e0e5-48f2-a851-aa49c80f9460"},
{"_id":"1e70dcb8-4c3e-49ef-a426-36024ccb847a","firstname":"Eula","lastname":"Diaz","age":38,"email":"lojopvi@mi.pn","interests":["Swimming","Tennis","Golf","Hiking","Bowling"],"address_id":"19fa3db2-cc90-4681-b0c8-f236402d0b14","workplace_id":"023acbac-b32a-477f-a65a-db11bd7d40f3"},
{"_id":"86417f71-18cd-41c5-ad01-24b31ff2074f","firstname":"Lucy","lastname":"May","age":65,"email":"bi@udtaofe.tj","interests":["Tennis"],"address_id":"fe80c95a-a0e9-42c9-aa6a-56f27020842d","workplace_id":"a32bf18d-e0e5-48f2-a851-aa49c80f9460"},
{"_id":"65d1aa31-1d60-427f-8887-e1ef9f2d935a","firstname":"Mark","lastname":"Nguyen","age":65,"email":"wuuvot@ukuufwu.as","interests":["Bowling","Hiking","Rubgy","Fishing","Tennis","Golf"],"address_id":"1fe7fd08-cf2e-414b-8470-2e42eaad612a","workplace_id":"5345fcb9-6297-4b9f-aa15-cbee8460f28f"},
{"_id":"581f59a2-ff4c-407e-b58f-e4f292208928","firstname":"Rena","lastname":"Johnson","age":33,"email":"vasberet@his.nz","interests":["Cycling","Swimming","Soccer","Cooking"],"address_id":"1cf24906-c700-41bb-a4c8-bba3c3ae30d9","workplace_id":"2b87eb84-e5b4-4f2c-9e13-dc3ba20a7f7f"},
{"_id":"f939c0f9-4d44-45da-81b8-10788a379cd4","firstname":"Loretta","lastname":"Park","age":71,"email":"tadosjis@vedupe.af","interests":["Fishing","Hiking","Cooking","Tennis","Swimming"],"address_id":"25c81ad2-9229-4a63-bb6b-a22eb5592eea","workplace_id":"023acbac-b32a-477f-a65a-db11bd7d40f3"},
{"_id":"220eb787-0a63-4518-9b3e-4f5c0afd68c3","firstname":"Eula","lastname":"Santos","age":55,"email":"zegatike@iwocejnan.sy","interests":["Rubgy","Cycling","Fishing"],"address_id":"c923b5b1-3eca-4a26-9974-cfadae5c1ddf","workplace_id":"2b87eb84-e5b4-4f2c-9e13-dc3ba20a7f7f"},
{"_id":"b2a2ae86-f4f6-4da5-ade6-ee1cd135daf3","firstname":"Gavin","lastname":"Conner","age":49,"email":"ah@jopah.uz","interests":["Rubgy","Cooking","Bowling"],"address_id":"ef5a17a2-6f11-49b8-a0fd-e0bddc56f185","workplace_id":"50275ad1-8140-4e79-8818-21793e3eb0a3"},
{"_id":"2bfc0479-cb15-46e1-94fa-801404791b21","firstname":"Peter","lastname":"Jimenez","age":37,"email":"usope@tega.bh","interests":["Cooking","Swimming","Cricket"],"address_id":"77ce0c50-afd6-47e8-86d7-b1b372e8deb2","workplace_id":"cb795afb-8dc3-482f-b3a0-14229a280afa"},
{"_id":"663e70d1-1b08-4e40-a880-befe2bec42d3","firstname":"Edward","lastname":"Hawkins","age":52,"email":"bibtar@ru.gb","interests":["Hiking","Soccer","Dancing"],"address_id":"824fea9d-d0e6-4c53-ad9d-5bf626a948f3","workplace_id":"2b87eb84-e5b4-4f2c-9e13-dc3ba20a7f7f"}]
