[{"_id":"5345fcb9-6297-4b9f-aa15-cbee8460f28f","name":"Union Planters Corp","website":"http://www.unionplanternscorp.com","industry":"Aerospace","address_id":"9949fe3b-99ec-4485-b91d-823925db7d28"},
{"_id":"2b87eb84-e5b4-4f2c-9e13-dc3ba20a7f7f","name":"Aetna Inc.","website":"http://aetnainc.comaetnainc.com","industry":"Agriculture","address_id":"70bbc861-703c-4501-90a6-c818a6372430"},
{"_id":"a222385c-342c-43ea-adbc-9b487a2ee2be","name":"Health Net Inc.","website":"http://www.healthnetinc.com","industry":"Construction","address_id":"1ed298fc-20ab-4750-ac38-fed1e60964af"},
{"_id":"b2903a4b-5688-4597-90ed-0f06d944bb6d","name":"Kemet Corp.","website":"http://www.kemetcorp.com","industry":"Education","address_id":"45d25888-af94-488a-823f-40fdfc300696"},
{"_id":"b2a2844d-aeab-4602-b74c-01bf3b8e9c78","name":"Bell Microproducts Inc.","website":"http://www.bellmicroproductsinc.com","industry":"Finance","address_id":"bc3790a7-b93f-43c0-85d8-73aa5a6b6f11"},
{"_id":"b12cd444-e65b-4bc2-8cf6-2dbe854a627b","name":"Equity Residential Properties Trust","website":"http://www.equityresidentialpropertiestrust.com","industry":"Agriculture","address_id":"34886f23-8be7-4f7a-ba53-84fd1ca6e1bf"},
{"_id":"023acbac-b32a-477f-a65a-db11bd7d40f3","name":"Equity Office Properties Trust","website":"http://www.equityofficeproperties.com","industry":"Finance","address_id":"a31241a6-b3c0-45c6-92ac-6c6513d06fac"},
{"_id":"cb795afb-8dc3-482f-b3a0-14229a280afa","name":"Hilton Solutions","website":"http://www.hiltonsolutions.com","industry":"Education","address_id":"16e84458-c7ef-4fba-9c4b-058ae8a4bc71"},
{"_id":"a32bf18d-e0e5-48f2-a851-aa49c80f9460","name":"Great Plains Energy Inc.","website":"http://www.greatplainsenergy.com","industry":"Agriculture","address_id":"c35b4c7f-b7de-431d-bd60-4026490cd61c"},
{"_id":"50275ad1-8140-4e79-8818-21793e3eb0a3","name":"Xcel Bear Inc","website":"http://www.xcelenergyinc.com","industry":"Construction","address_id":"ed20462a-f836-476f-8b0c-49bb3abe2235"},
{"_id":"5a113bed-8697-4272-b27a-9c10a990f2a4","name":"Novellus Systems Inc","website":"http://www.novellussystemsinc.com","industry":"Finance","address_id":"2eeef7c8-1250-4263-aa90-c0bce36509e4"},
{"_id":"e7494243-89e1-407f-b474-ae2b7e62e5ad","name":"Citizens Hawk","website":"http://www.citiznescommunications.com","industry":"Construction","address_id":"0b2528bb-1380-4a38-b1c9-ee7c8a2bae5f"}]
